{
"BPMN": [
	{
		"image":"0.jpg",
		"text":"Incomplete flowchart, one concurrent gateway"
	},
	{
		"image": "1.jpg",
	    "text": "Incomplete flowchart, two activities"
	},
	{
		"image": "2.jpg",
		"text": "Structured BPMN, incomplete structure, no start and end symbols, four gateways, eight activities"
	},
	{
		"image": "3.jpg",
		"text": "Incomplete flowchart, two activities"
	},
	{
		"image": "4.jpg",
		"text": "Incomplete flowchart, two activities"
	},
	{
		"image": "5.jpg",
		"text": "Incomplete flowchart, two activities"
	},
	{
		"image": "6.jpg",
		"text": "Incomplete flowchart, two activities"
	},
	{
		"image": "7.jpg",
		"text": "Incomplete flowchart, tree activities"
	},
	{
		"image": "8.jpg",
		"text": "Incomplete flowchart, tree activities"
	},
	{
		"image": "9.jpg",
		"text": "Incomplete flowchart, tree activities"
	},
	{
		"image": "10.jpg",
		"text": "Structured BPMN, incomplete structure, no start and end flags, one gateway, three activities"
	},
	{
		"image": "11.jpg",
		"text": "Structured BPMN, incomplete structure, no start and end flags, one gateway, two activities"
	},
	{
		"image": "12.jpg",
		"text": "Incomplete flowchart, one activities"
	},
	{
		"image": "13.jpg",
		"text": "Structured BPMN, incomplete structure, no start and end flags, one gateway, four activities"
	},
	{
		"image": "14.jpg",
		"text": "Structured BPMN, incomplete structure, no start and end flags, one gateway, three activities"
	},
	{
		"image": "15.jpg",
		"text": "Structured BPMN, incomplete structure, no start and end flags, one gateway, two activities"
	},
	{
		"image": "16.jpg",
		"text": "Structured BPMN, incomplete structure, no start and end flags, one gateway, four activities"
	},
	{
		"image": "17.jpg",
		"text": "Structured BPMN, incomplete structure, no start and end flags, one gateway, five activities"
	},
	{
		"image": "18.jpg",
		"text": "Structured BPMN, incomplete structure, no start and end flags, one gateway, six activities"
	},
	{
		"image": "19.jpg",
		"text": "Structured BPMN, incomplete structure, no start and end flags, two gateway, six activities"
	},
	{
		"image": "20.jpg",
		"text": "Structured BPMN, incomplete structure, no start and end flags, two gateway, seven activities"
	},
	{
		"image": "21.jpg",
		"text": "Structured BPMN, complete structure, have start and end flags, two gateway, seven activities"
	},
	{
		"image": "22.jpg",
		"text": "Structured BPMN, incomplete structure, no start and end flags, two gateway, five activities"
	},
	{
		"image": "23.jpg",
		"text": "Incomplete flowchart, one activities"
	},
	{
		"image": "24.jpg",
		"text": "Structured BPMN, incomplete structure, no start and end flags, two gateway, five activities"
	},
	{
		"image": "25.jpg",
		"text": "Structured BPMN, incomplete structure, no start and end flags, two gateway, six activities"
	},
	{
		"image": "26.jpg",
		"text": "Structured BPMN, complete structure, have start and end flags, two gateway, six activities"
	},
	{
		"image": "27.jpg",
		"text": "Structured BPMN, incomplete structure, no start and end flags, one gateway, six activities"
	},
	{
		"image": "28.jpg",
		"text": "Structured BPMN, incomplete structure, no start and end flags, one gateway, seven activities"
	},
	{
		"image": "29.jpg",
		"text": "Structured BPMN, incomplete structure, no start and end flags, two gateway, seven activities"
	},
	{
		"image": "30.jpg",
		"text": "Structured BPMN, complete structure, have start and end flags, two gateway, seven activities"
	},
	{
		"image": "31.jpg",
		"text": "Structured BPMN, incomplete structure, no start and end flags, two gateway, eight activities"
	},
	{
		"image": "32.jpg",
		"text": "Incomplete flowchart, one selection gateway"
	},
	{
		"image": "33.jpg",
		"text": "Incomplete flowchart, one selection gateway"
	},
	{
		"image": "34.jpg",
		"text": "Incomplete flowchart, one activities"
	},
	{
		"image": "35.jpg",
		"text": "Structured BPMN, incomplete structure, no start and end flags, two gateway, four activities"
	},
	{
		"image": "36.jpg",
		"text": "Structured BPMN, incomplete structure, no start and end flags, two gateway, five activities"
	},
	{
		"image": "37.jpg",
		"text": "Structured BPMN, incomplete structure, no start and end flags, tree gateway, seven activities"
	},
	{
		"image": "38.jpg",
		"text": "Structured BPMN, incomplete structure, no start and end flags, tree gateway, eight activities"
	},
	{
		"image": "39.jpg",
		"text": "Structured BPMN, incomplete structure, no start and end flags, four gateway, eight activities"
	},
	{
		"image": "40.jpg",
		"text": "Structured BPMN, complete structure, have start and end flags, four gateway, nine activities"
	},
	{
		"image": "41.jpg",
		"text": "Structured BPMN, incomplete structure, no start and end flags, four gateway, nine activities"
	},
	{
		"image": "42.jpg",
		"text": "Structured BPMN, incomplete structure, no start and end flags, two gateway, four activities"
	},
	{
		"image": "43.jpg",
		"text": "Structured BPMN, incomplete structure, no start and end flags, tree gateway, seven activities"
	},
	{
		"image": "44.jpg",
		"text": "Structured BPMN, incomplete structure, no start and end flags, tree gateway, eight activities"
	},
	{
		"image": "45.jpg",
		"text": "Incomplete flowchart, one activities"
	},
	{
		"image": "46.jpg",
		"text": "Structured BPMN, incomplete structure, no start and end flags, four gateway, eight activities"
	},
	{
		"image": "47.jpg",
		"text": "Structured BPMN, incomplete structure, no start and end flags, four gateway, nine activities"
	},
	{
		"image": "48.jpg",
		"text": "Structured BPMN, incomplete structure, no start and end flags, four gateway, ten activities"
	},
	{
		"image": "49.jpg",
		"text": "Structured BPMN, incomplete structure, no start and end flags, four gateway, nine activities"
	},
	{
		"image": "50.jpg",
		"text": "Structured BPMN, incomplete structure, no start and end flags, four gateway, ten activities"
	},
	{
		"image": "51.jpg",
		"text": "Structured BPMN, incomplete structure, no start and end flags, four gateway, eleven activities"
	},
	{
		"image": "52.jpg",
		"text": "Structured BPMN, complete structure, have start and end flags, four gateway, eleven activities"
	},
	{
		"image": "53.jpg",
		"text": "Structured BPMN, incomplete structure, no start and end flags, four gateway, twelve activities"
	},
	{
		"image": "54.jpg",
		"text": "Structured BPMN, incomplete structure, no start and end flags, four gateway, ten activities"
	},
	{
		"image": "55.jpg",
		"text": "Structured BPMN, complete structure, have start and end flags, four gateway, twelve activities"
	},
	{
		"image": "56.jpg",
		"text": "Incomplete flowchart, one activities"
	},
	{
		"image": "57.jpg",
		"text": "Structured BPMN, complete structure, have start and end flags, four gateway, thirteen activities"
	},
	{
		"image": "58.jpg",
		"text": "Structured BPMN, incomplete structure, no start and end flags, four gateway, thirteen activities"
	},
	{
		"image": "59.jpg",
		"text": "Structured BPMN, incomplete structure, no start and end flags, four gateway, eleven activities"
	},
	{
		"image": "60.jpg",
		"text": "Structured BPMN, complete structure, have start and end flags, four gateway, fourteen activities"
	},
	{
		"image": "61.jpg",
		"text": "Structured BPMN, incomplete structure, no start and end flags, four gateway, fourteen activities"
	},
	{
		"image": "62.jpg",
		"text": "Structured BPMN, incomplete structure, no start and end flags, four gateway, thirteen activities"
	},
	{
		"image": "63.jpg",
		"text": "Structured BPMN, incomplete structure, no start and end flags, four gateway, thirteen activities"
	},
	{
		"image": "64.jpg",
		"text": "Structured BPMN, incomplete structure, no start and end flags, four gateway, twelve activities"
	},
	{
		"image": "65.jpg",
		"text": "Structured BPMN, complete structure, have start and end flags, four gateway, fifteen activities"
	},
	{
		"image": "66.jpg",
		"text": "Structured BPMN, incomplete structure, no start and end flags, four gateway, fifteen activities"
	},
	{
		"image": "67.jpg",
		"text": "Incomplete flowchart, one activities"
	},
	{
		"image": "68.jpg",
		"text": "Structured BPMN, incomplete structure, no start and end flags, four gateway, fourteen activities"
	},
	{
		"image": "69.jpg",
		"text": "Structured BPMN, incomplete structure, no start and end flags, four gateway, fourteen activities"
	},
	{
		"image": "70.jpg",
		"text": "Structured BPMN, incomplete structure, no start and end flags, four gateway, thirteen activities"
	},
	{
		"image": "71.jpg",
		"text": "Structured BPMN, complete structure, have start and end flags, four gateway, twelve activities"
	},
	{
		"image": "72.jpg",
		"text": "Structured BPMN, incomplete structure, no start and end flags, four gateway, twelve activities"
	},
	{
		"image": "73.jpg",
		"text": "Structured BPMN, incomplete structure, no start and end flags, four gateway, eleven activities"
	},
	{
		"image": "74.jpg",
		"text": "Structured BPMN, incomplete structure, no start and end flags, four gateway, eleven activities"
	},
	{
		"image": "75.jpg",
		"text": "Structured BPMN, incomplete structure, no start and end flags, four gateway, ten activities"
	},
	{
		"image": "76.jpg",
		"text": "Structured BPMN, complete structure, have start and end flags, four gateway, eleven activities"
	},
	{
		"image": "77.jpg",
		"text": "Structured BPMN, incomplete structure, no start and end flags, four gateway, eleven activities"
	},
	{
		"image": "78.jpg",
		"text": "Incomplete flowchart, one start flag"
	},
	{
		"image": "79.jpg",
		"text": "Structured BPMN, incomplete structure, no start and end flags, four gateway, ten activities"
	},
	{
		"image": "80.jpg",
		"text": "Structured BPMN, incomplete structure, no start and end flags, four gateway, ten activities"
	},
	{
		"image": "81.jpg",
		"text": "Structured BPMN, incomplete structure, no start and end flags, four gateway, nine activities"
	},
	{
		"image": "82.jpg",
		"text": "Structured BPMN, complete structure, have start and end flags, four gateway, eleven activities"
	},
	{
		"image": "83.jpg",
		"text": "Structured BPMN, incomplete structure, no start and end flags, four gateway, eleven activities"
	},
	{
		"image": "84.jpg",
		"text": "Structured BPMN, incomplete structure, no start and end flags, four gateway, ten activities"
	},
	{
		"image": "85.jpg",
		"text": "Structured BPMN, incomplete structure, no start and end flags, four gateway, ten activities"
	},
	{
		"image": "86.jpg",
		"text": "Structured BPMN, incomplete structure, no start and end flags, four gateway, nine activities"
	},
	{
		"image": "87.jpg",
		"text": "Structured BPMN, complete structure, have start and end flags, four gateway, eleven activities"
	},
	{
		"image": "88.jpg",
		"text": "Structured BPMN, incomplete structure, no start and end flags, four gateway, eleven activities"
	},
	{
		"image": "89.jpg",
		"text": "Incomplete flowchart, one end flag"
	},
	{
		"image": "90.jpg",
		"text": "Structured BPMN, incomplete structure, no start and end flags, four gateway, ten activities"
	},
	{
		"image": "91.jpg",
		"text": "Structured BPMN, incomplete structure, no start and end flags, four gateway, ten activities"
	},
	{
		"image": "92.jpg",
		"text": "Structured BPMN, incomplete structure, no start and end flags, four gateway, nine activities"
	},
	{
		"image": "93.jpg",
		"text": "Structured BPMN, complete structure, have start and end flags, four gateway, ten activities"
	},
	{
		"image": "94.jpg",
		"text": "Structured BPMN, incomplete structure, no start and end flags, four gateway, ten activities"
	},
	{
		"image": "95.jpg",
		"text": "Structured BPMN, incomplete structure, no start and end flags, four gateway, nine activities"
	},
	{
		"image": "96.jpg",
		"text": "Structured BPMN, incomplete structure, no start and end flags, four gateway, nine activities"
	},
	{
		"image": "97.jpg",
		"text": "Structured BPMN, incomplete structure, no start and end flags, four gateway, eight activities"
	},
	{
		"image": "98.jpg",
		"text": "Structured BPMN, incomplete structure, no start and end flags, four gateway, nine activities"
	},
	{
		"image": "99.jpg",
		"text": "Structured BPMN, incomplete structure, no start and end flags, four gateway, nine activities"
	},
	{
		"image": "100.jpg",
		"text": "Incomplete flowchart, one select gateway"
	},
	{
		"image": "101.jpg",
		"text": "Structured BPMN, incomplete structure, no start and end flags, tree gateway, ten activities"
	},
	{
		"image": "102.jpg",
		"text": "Structured BPMN, incomplete structure, no start and end flags, tree gateway, ten activities"
	},
	{
		"image": "103.jpg",
		"text": "Structured BPMN, incomplete structure, no start and end flags, six gateway, thirteen activities"
	},
	{
		"image": "104.jpg",
		"text": "Structured BPMN, incomplete structure, no start and end flags, tree gateway, ten activities"
	},
	{
		"image": "105.jpg",
		"text": "Structured BPMN, incomplete structure, no start and end flags, four gateway, ten activities"
	},
	{
		"image": "106.jpg",
		"text": "Structured BPMN, incomplete structure, no start and end flags, four gateway, eleven activities"
	},
	{
		"image": "107.jpg",
		"text": "Structured BPMN, incomplete structure, no start and end flags, four gateway, twelve activities"
	},
	{
		"image": "108.jpg",
		"text": "Structured BPMN, incomplete structure, no start and end flags, four gateway, thirteen activities"
	},
	{
		"image": "109.jpg",
		"text": "Structured BPMN, incomplete structure, no start and end flags, four gateway, thirteen activities"
	},
	{
		"image": "110.jpg",
		"text": "Structured BPMN, complete structure, have start and end flags, four gateway, thirteen activities"
	},
	{
		"image": "111.jpg",
		"text": "Structured BPMN, incomplete structure, no start and end flags, four gateway, ten activities"
	},
	{
		"image": "112.jpg",
		"text": "Structured BPMN, incomplete structure, no start and end flags, four gateway, ten activities"
	},
	{
		"image": "113.jpg",
		"text": "Structured BPMN, incomplete structure, no start and end flags, tree gateway, nine activities"
	},
	{
		"image": "114.jpg",
		"text": "Structured BPMN, incomplete structure, no start and end flags, four gateway, ten activities"
	},
	{
		"image": "115.jpg",
		"text": "Structured BPMN, incomplete structure, no start and end flags, four gateway, twelve activities"
	},
	{
		"image": "116.jpg",
		"text": "Structured BPMN, incomplete structure, no start and end flags, four gateway, thirteen activities"
	},
	{
		"image": "117.jpg",
		"text": "Structured BPMN, incomplete structure, no start and end flags, four gateway, fourteen activities"
	},
	{
		"image": "118.jpg",
		"text": "Structured BPMN, incomplete structure, no start and end flags, four gateway, thirteen activities"
	},
	{
		"image": "119.jpg",
		"text": "Structured BPMN, complete structure, have start and end flags, four gateway, fourteen activities"
	},
	{
		"image": "120.jpg",
		"text": "Structured BPMN, incomplete structure, no start and end flags, four gateway, thirteen activities"
	},
	{
		"image": "121.jpg",
		"text": "Structured BPMN, incomplete structure, no start and end flags, four gateway, fourteen activities"
	},
	{
		"image": "122.jpg",
		"text": "Structured BPMN, incomplete structure, no start and end flags, four gateway, fifteen activities"
	},
	{
		"image": "123.jpg",
		"text": "Structured BPMN, incomplete structure, no start and end flags, four gateway, fourteen activities"
	},
	{
		"image": "124.jpg",
		"text": "Structured BPMN, incomplete structure, no start and end flags, tree gateway, ten activities"
	},
	{
		"image": "125.jpg",
		"text": "Structured BPMN, complete structure, have start and end flags, four gateway, fifteen activities"
	},
	{
		"image": "126.jpg",
		"text": "Structured BPMN, incomplete structure, no start and end flags, four gateway, fourteen activities"
	},
	{
		"image": "127.jpg",
		"text": "Structured BPMN, incomplete structure, no start and end flags, four gateway, fifteen activities"
	},
	{
		"image": "128.jpg",
		"text": "Structured BPMN, incomplete structure, no start and end flags, four gateway, sixteen activities"
	},
	{
		"image": "129.jpg",
		"text": "Structured BPMN, incomplete structure, no start and end flags, four gateway, fifteen activities"
	},
	{
		"image": "130.jpg",
		"text": "Structured BPMN, complete structure, have start and end flags, four gateway, sixteen activities"
	},
	{
		"image": "131.jpg",
		"text": "Structured BPMN, complete structure, have start and end flags, four gateway, fifteen activities"
	},
	{
		"image": "132.jpg",
		"text": "Structured BPMN, complete structure, have start and end flags, four gateway, fifteen activities"
	},
	{
		"image": "133.jpg",
		"text": "Structured BPMN, complete structure, have start and end flags, four gateway, fifteen activities"
	},
	{
		"image": "134.jpg",
		"text": "Structured BPMN, complete structure, have start and end flags, four gateway, fourteen activities"
	},
	{
		"image": "135.jpg",
		"text": "Structured BPMN, incomplete structure, no start and end flags, tree gateway, nine activities"
	},
	{
		"image": "136.jpg",
		"text": "Structured BPMN, complete structure, have start and end flags, four gateway, fourteen activities"
	},
	{
		"image": "137.jpg",
		"text": "Structured BPMN, complete structure, have start and end flags, four gateway, fourteen activities"
	},
	{
		"image": "138.jpg",
		"text": "Structured BPMN, incomplete structure, no start and end flags, four gateway, fifteen activities"
	},
	{
		"image": "139.jpg",
		"text": "Structured BPMN, incomplete structure, no start and end flags, four gateway, fifteen activities"
	},
	{
		"image": "140.jpg",
		"text": "Structured BPMN, incomplete structure, no start and end flags, four gateway, fifteen activities"
	},
	{
		"image": "141.jpg",
		"text": "Structured BPMN, incomplete structure, no start and end flags, four gateway, fourteen activities"
	},
	{
		"image": "142.jpg",
		"text": "Structured BPMN, incomplete structure, no start and end flags, four gateway, fourteen activities"
	},
	{
		"image": "143.jpg",
		"text": "Structured BPMN, incomplete structure, no start and end flags, four gateway, fourteen activities"
	},
	{
		"image": "144.jpg",
		"text": "Structured BPMN, incomplete structure, no start and end flags, four gateway, fourteen activities"
	},
	{
		"image": "145.jpg",
		"text": "Structured BPMN, incomplete structure, no start and end flags, four gateway, fourteen activities"
	},
	{
		"image": "146.jpg",
		"text": "Structured BPMN, incomplete structure, no start and end flags, tree gateway, ten activities"
	},
	{
		"image": "147.jpg",
		"text": "Structured BPMN, incomplete structure, no start and end flags, four gateway, fourteen activities"
	},
	{
		"image": "148.jpg",
		"text": "Structured BPMN, incomplete structure, no start and end flags, four gateway, fourteen activities"
	},
	{
		"image": "149.jpg",
		"text": "Structured BPMN, incomplete structure, no start and end flags, four gateway, fourteen activities"
	},
	{
		"image": "150.jpg",
		"text": "Structured BPMN, incomplete structure, no start and end flags, four gateway, fourteen activities"
	},
	{
		"image": "151.jpg",
		"text": "Structured BPMN, incomplete structure, no start and end flags, four gateway, thirteen activities"
	},
	{
		"image": "152.jpg",
		"text": "Structured BPMN, incomplete structure, no start and end flags, four gateway, thirteen activities"
	},
	{
		"image": "153.jpg",
		"text": "Structured BPMN, incomplete structure, no start and end flags, four gateway, thirteen activities"
	},
	{
		"image": "154.jpg",
		"text": "Structured BPMN, incomplete structure, no start and end flags, four gateway, fifteen activities"
	},
	{
		"image": "155.jpg",
		"text": "Structured BPMN, incomplete structure, no start and end flags, four gateway, fifteen activities"
	},
	{
		"image": "156.jpg",
		"text": "Structured BPMN, incomplete structure, no start and end flags, four gateway, fifteen activities"
	},
	{
		"image": "157.jpg",
		"text": "Structured BPMN, incomplete structure, no start and end flags, two gateway, eight activities"
	},
	{
		"image": "158.jpg",
		"text": "Structured BPMN, incomplete structure, no start and end flags, four gateway, fourteen activities"
	},
	{
		"image": "159.jpg",
		"text": "Structured BPMN, incomplete structure, no start and end flags, four gateway, fourteen activities"
	},
	{
		"image": "160.jpg",
		"text": "Structured BPMN, incomplete structure, no start and end flags, four gateway, fourteen activities"
	},
	{
		"image": "161.jpg",
		"text": "Structured BPMN, incomplete structure, no start and end flags, four gateway, fourteen activities"
	},
	{
		"image": "162.jpg",
		"text": "Structured BPMN, incomplete structure, no start and end flags, four gateway, fourteen activities"
	},
	{
		"image": "163.jpg",
		"text": "Structured BPMN, incomplete structure, no start and end flags, four gateway, fourteen activities"
	},
	{
		"image": "164.jpg",
		"text": "Structured BPMN, incomplete structure, no start and end flags, four gateway, thirteen activities"
	},
	{
		"image": "165.jpg",
		"text": "Structured BPMN, incomplete structure, no start and end flags, four gateway, thirteen activities"
	},
	{
		"image": "166.jpg",
		"text": "Structured BPMN, incomplete structure, no start and end flags, four gateway, thirteen activities"
	},
	{
		"image": "167.jpg",
		"text": "Structured BPMN, incomplete structure, no start and end flags, four gateway, fourteen activities"
	},
	{
		"image": "168.jpg",
		"text": "Structured BPMN, incomplete structure, no start and end flags, two gateway, nine activities"
	},
	{
		"image": "169.jpg",
		"text": "Structured BPMN, incomplete structure, no start and end flags, four gateway, fourteen activities"
	},
	{
		"image": "170.jpg",
		"text": "Structured BPMN, incomplete structure, no start and end flags, four gateway, fourteen activities"
	},
	{
		"image": "171.jpg",
		"text": "Structured BPMN, incomplete structure, no start and end flags, four gateway, thirteen activities"
	},
	{
		"image": "172.jpg",
		"text": "Structured BPMN, incomplete structure, no start and end flags, four gateway, thirteen activities"
	},
	{
		"image": "173.jpg",
		"text": "Structured BPMN, incomplete structure, no start and end flags, four gateway, thirteen activities"
	},
	{
		"image": "174.jpg",
		"text": "Structured BPMN, incomplete structure, no start and end flags, four gateway, thirteen activities"
	},
	{
		"image": "175.jpg",
		"text": "Structured BPMN, incomplete structure, no start and end flags, four gateway, thirteen activities"
	},
	{
		"image": "176.jpg",
		"text": "Structured BPMN, incomplete structure, no start and end flags, four gateway, thirteen activities"
	},
	{
		"image": "177.jpg",
		"text": "Structured BPMN, incomplete structure, no start and end flags, four gateway, twelve activities"
	},
	{
		"image": "178.jpg",
		"text": "Structured BPMN, incomplete structure, no start and end flags, four gateway, twelve activities"
	},
	{
		"image": "179.jpg",
		"text": "Structured BPMN, complete structure, have start and end flags, two gateway, nine activities"
	},
	{
		"image": "180.jpg",
		"text": "Structured BPMN, incomplete structure, no start and end flags, four gateway, twelve activities"
	},
	{
		"image": "181.jpg",
		"text": "Structured BPMN, incomplete structure, no start and end flags, four gateway, thirteen activities"
	},
	{
		"image": "182.jpg",
		"text": "Structured BPMN, incomplete structure, no start and end flags, four gateway, thirteen activities"
	},
	{
		"image": "183.jpg",
		"text": "Structured BPMN, incomplete structure, no start and end flags, four gateway, thirteen activities"
	},
	{
		"image": "184.jpg",
		"text": "Structured BPMN, incomplete structure, no start and end flags, four gateway, twelve activities"
	},
	{
		"image": "185.jpg",
		"text": "Structured BPMN, incomplete structure, no start and end flags, four gateway, twelve activities"
	},
	{
		"image": "186.jpg",
		"text": "Structured BPMN, incomplete structure, no start and end flags, four gateway, twelve activities"
	},
	{
		"image": "187.jpg",
		"text": "Structured BPMN, incomplete structure, no start and end flags, tree gateway, seven activities"
	},
	{
		"image": "188.jpg",
		"text": "Structured BPMN, incomplete structure, no start and end flags, five gateway, nine activities"
	},
	{
		"image": "189.jpg",
		"text": "Structured BPMN, incomplete structure, no start and end flags, six gateway, ten activities"
	},
	{
		"image": "190.jpg",
		"text": "Structured BPMN, incomplete structure, no start and end flags, tree gateway, eleven activities"
	},
	{
		"image": "191.jpg",
		"text": "Structured BPMN, incomplete structure, no start and end flags, six gateway, eleven activities"
	},
	{
		"image": "192.jpg",
		"text": "Structured BPMN, incomplete structure, no start and end flags, six gateway, twelve activities"
	},
	{
		"image": "193.jpg",
		"text": "Structured BPMN, incomplete structure, no start and end flags, six gateway, eleven activities"
	},
	{
		"image": "194.jpg",
		"text": "Structured BPMN, complete structure, have start and end flags, six gateway, twelve activities"
	},
	{
		"image": "195.jpg",
		"text": "Structured BPMN, complete structure, have start and end flags, six gateway, thirteen activities"
	},
	{
		"image": "196.jpg",
		"text": "Structured BPMN, incomplete structure, no start and end flags, six gateway, thirteen activities"
	},
	{
		"image": "197.jpg",
		"text": "Structured BPMN, incomplete structure, no start and end flags, six gateway, twelve activities"
	},
	{
		"image": "198.jpg",
		"text": "Structured BPMN, incomplete structure, no start and end flags, six gateway, twelve activities"
	},
	{
		"image": "199.jpg",
		"text": "Structured BPMN, incomplete structure, no start and end flags, six gateway, eleven activities"
	},
	{
		"image": "200.jpg",
		"text": "Structured BPMN, incomplete structure, no start and end flags, six gateway, twelve activities"
	},
	{
		"image": "201.jpg",
		"text": "Structured BPMN, incomplete structure, no start and end flags, tree gateway, eleven activities"
	},
	{
		"image": "202.jpg",
		"text": "Structured BPMN, incomplete structure, no start and end flags, two gateway, two activities"
	},
	{
		"image": "203.jpg",
		"text": "Structured BPMN, incomplete structure, no start and end flags, two gateway, five activities"
	},
	{
		"image": "204.jpg",
		"text": "Structured BPMN, incomplete structure, no start and end flags, two gateway, four activities"
	},
	{
		"image": "205.jpg",
		"text": "Structured BPMN, complete structure, have start and end flags, two gateway, five activities"
	},
	{
		"image": "206.jpg",
		"text": "Structured BPMN, incomplete structure, no start and end flags, four gateway, seven activities"
	},
	{
		"image": "207.jpg",
		"text": "Structured BPMN, incomplete structure, no start and end flags, four gateway, eight activities"
	},
	{
		"image": "208.jpg",
		"text": "Structured BPMN, incomplete structure, no start and end flags, four gateway, nine activities"
	},
	{
		"image": "209.jpg",
		"text": "Structured BPMN, incomplete structure, no start and end flags, four gateway, eight activities"
	},
	{
		"image": "210.jpg",
		"text": "Structured BPMN, complete structure, have start and end flags, four gateway, nine activities"
	},
	{
		"image": "211.jpg",
		"text": "Structured BPMN, incomplete structure, no start and end flags, two gateway, four activities"
	},
	{
		"image": "212.jpg",
		"text": "Structured BPMN, incomplete structure, no start and end flags, two gateway, five activities"
	},
	{
		"image": "213.jpg",
		"text": "Structured BPMN, incomplete structure, no start and end flags, two gateway, tree activities"
	},
	{
		"image": "214.jpg",
		"text": "Structured BPMN, incomplete structure, no start and end flags, two gateway, six activities"
	},
	{
		"image": "215.jpg",
		"text": "Structured BPMN, incomplete structure, no start and end flags, two gateway, five activities"
	},
	{
		"image": "216.jpg",
		"text": "Structured BPMN, complete structure, have start and end flags, two gateway, six activities"
	},
	{
		"image": "217.jpg",
		"text": "Structured BPMN, incomplete structure, no start and end flags, two gateway, seven activities"
	},
	{
		"image": "218.jpg",
		"text": "Structured BPMN, incomplete structure, no start and end flags, two gateway, five activities"
	},
	{
		"image": "219.jpg",
		"text": "Structured BPMN, incomplete structure, no start and end flags, two gateway, six activities"
	},
	{
		"image": "220.jpg",
		"text": "Structured BPMN, incomplete structure, no start and end flags, two gateway, six activities"
	},
	{
		"image": "221.jpg",
		"text": "Structured BPMN, incomplete structure, no start and end flags, two gateway, seven activities"
	},
	{
		"image": "222.jpg",
		"text": "Structured BPMN, incomplete structure, no start and end flags, two gateway, eight activities"
	},
	{
		"image": "223.jpg",
		"text": "Structured BPMN, incomplete structure, no start and end flags, two gateway, seven activities"
	},
	{
		"image": "224.jpg",
		"text": "Structured BPMN, incomplete structure, no start and end flags, two gateway, four activities"
	},
	{
		"image": "225.jpg",
		"text": "Structured BPMN, complete structure, have start and end flags, two gateway, eight activities"
	},
	{
		"image": "226.jpg",
		"text": "Structured BPMN, incomplete structure, no start and end flags, four gateway, eleven activities"
	},
	{
		"image": "227.jpg",
		"text": "Structured BPMN, incomplete structure, no start and end flags, four gateway, ten activities"
	},
	{
		"image": "228.jpg",
		"text": "Structured BPMN, incomplete structure, no start and end flags, four gateway, ten activities"
	},
	{
		"image": "229.jpg",
		"text": "Structured BPMN, incomplete structure, no start and end flags, four gateway, ten activities"
	},
	{
		"image": "230.jpg",
		"text": "Structured BPMN, incomplete structure, no start and end flags, four gateway, ten activities"
	},
	{
		"image": "231.jpg",
		"text": "Structured BPMN, incomplete structure, no start and end flags, four gateway, ten activities"
	},
	{
		"image": "232.jpg",
		"text": "Structured BPMN, incomplete structure, no start and end flags, four gateway, ten activities"
	},
	{
		"image": "233.jpg",
		"text": "Structured BPMN, incomplete structure, no start and end flags, four gateway, nine activities"
	},
	{
		"image": "234.jpg",
		"text": "Structured BPMN, incomplete structure, no start and end flags, four gateway, nine activities"
	},
	{
		"image": "235.jpg",
		"text": "Structured BPMN, incomplete structure, no start and end flags, two gateway, tree activities"
	},
	{
		"image": "236.jpg",
		"text": "Structured BPMN, incomplete structure, no start and end flags, four gateway, nine activities"
	},
	{
		"image": "237.jpg",
		"text": "Structured BPMN, incomplete structure, no start and end flags, four gateway, ten activities"
	},
	{
		"image": "238.jpg",
		"text": "Structured BPMN, incomplete structure, no start and end flags, four gateway, twelve activities"
	},
	{
		"image": "239.jpg",
		"text": "Structured BPMN, incomplete structure, no start and end flags, four gateway, eleven activities"
	},
	{
		"image": "240.jpg",
		"text": "Structured BPMN, complete structure, have start and end flags, four gateway, twelve activities"
	},
	{
		"image": "241.jpg",
		"text": "Structured BPMN, incomplete structure, no start and end flags, four gateway, thirteen activities"
	},
	{
		"image": "242.jpg",
		"text": "Structured BPMN, incomplete structure, no start and end flags, four gateway, eleven activities"
	},
	{
		"image": "243.jpg",
		"text": "Structured BPMN, incomplete structure, no start and end flags, four gateway, twelve activities"
	},
	{
		"image": "244.jpg",
		"text": "Structured BPMN, incomplete structure, no start and end flags, four gateway, twelve activities"
	},
	{
		"image": "245.jpg",
		"text": "Structured BPMN, complete structure, have start and end flags, four gateway, thirteen activities"
	},
	{
		"image": "246.jpg",
		"text": "Structured BPMN, complete structure, have start and end flags, two gateway, four activities"
	},
	{
		"image": "247.jpg",
		"text": "Structured BPMN, incomplete structure, no start and end flags, four gateway, twelve activities"
	},
	{
		"image": "248.jpg",
		"text": "Structured BPMN, incomplete structure, no start and end flags, four gateway, twelve activities"
	},
	{
		"image": "249.jpg",
		"text": "Structured BPMN, incomplete structure, no start and end flags, four gateway, twelve activities"
	},
	{
		"image": "250.jpg",
		"text": "Structured BPMN, incomplete structure, no start and end flags, four gateway, fourteen activities"
	},
	{
		"image": "251.jpg",
		"text": "Structured BPMN, incomplete structure, no start and end flags, four gateway, twelve activities"
	},
	{
		"image": "252.jpg",
		"text": "Structured BPMN, incomplete structure, no start and end flags, four gateway, thirteen activities"
	},
	{
		"image": "253.jpg",
		"text": "Structured BPMN, incomplete structure, no start and end flags, four gateway, thirteen activities"
	},
	{
		"image": "254.jpg",
		"text": "Structured BPMN, complete structure, have start and end flags, four gateway, fourteen activities"
	},
	{
		"image": "255.jpg",
		"text": "Structured BPMN, incomplete structure, no start and end flags, four gateway, thirteen activities"
	},
	{
		"image": "256.jpg",
		"text": "Structured BPMN, incomplete structure, no start and end flags, four gateway, eleven activities"
	},
	{
		"image": "257.jpg",
		"text": "Structured BPMN, complete structure, have start and end flags, two gateway, four activities"
	},
	{
		"image": "258.jpg",
		"text": "Structured BPMN, incomplete structure, no start and end flags, four gateway, twelve activities"
	},
	{
		"image": "259.jpg",
		"text": "Structured BPMN, incomplete structure, no start and end flags, four gateway, twelve activities"
	},
	{
		"image": "260.jpg",
		"text": "Structured BPMN, complete structure, have start and end flags, four gateway, thirteen activities"
	},
	{
		"image": "261.jpg",
		"text": "Structured BPMN, incomplete structure, no start and end flags, four gateway, fourteen activities"
	},
	{
		"image": "262.jpg",
		"text": "Structured BPMN, incomplete structure, no start and end flags, four gateway, twelve activities"
	},
	{
		"image": "263.jpg",
		"text": "Structured BPMN, incomplete structure, no start and end flags, four gateway, thirteen activities"
	},
	{
		"image": "264.jpg",
		"text": "Structured BPMN, incomplete structure, no start and end flags, four gateway, fourteen activities"
	},
	{
		"image": "265.jpg",
		"text": "Structured BPMN, incomplete structure, no start and end flags, four gateway, fifteen activities"
	},
	{
		"image": "266.jpg",
		"text": "Structured BPMN, incomplete structure, no start and end flags, four gateway, fourteen activities"
	},
	{
		"image": "267.jpg",
		"text": "Structured BPMN, complete structure, have start and end flags, four gateway, fifteen activities"
	},
	{
		"image": "268.jpg",
		"text": "Structured BPMN, incomplete structure, no start and end flags, two gateway, five activities"
	},
	{
		"image": "269.jpg",
		"text": "Structured BPMN, incomplete structure, no start and end flags, four gateway, twelve activities"
	},
	{
		"image": "270.jpg",
		"text": "Structured BPMN, incomplete structure, no start and end flags, four gateway, thirteen activities"
	},
	{
		"image": "271.jpg",
		"text": "Structured BPMN, incomplete structure, no start and end flags, four gateway, thirteen activities"
	},
	{
		"image": "272.jpg",
		"text": "Structured BPMN, complete structure, have start and end flags, four gateway, fourteen activities"
	},
	{
		"image": "273.jpg",
		"text": "Structured BPMN, incomplete structure, no start and end flags, four gateway, fourteen activities"
	},
	{
		"image": "274.jpg",
		"text": "Structured BPMN, incomplete structure, no start and end flags, four gateway, fourteen activities"
	},
	{
		"image": "275.jpg",
		"text": "Structured BPMN, incomplete structure, no start and end flags, four gateway, thirteen activities"
	},
	{
		"image": "276.jpg",
		"text": "Structured BPMN, incomplete structure, no start and end flags, four gateway, thirteen activities"
	},
	{
		"image": "277.jpg",
		"text": "Structured BPMN, incomplete structure, no start and end flags, two gateway, tree activities"
	},
	{
		"image": "278.jpg",
		"text": "Structured BPMN, incomplete structure, no start and end flags, two gateway, four activities"
	},
	{
		"image": "279.jpg",
		"text": "Incomplete flowchart, one concurrent gateway"
	},
	{
		"image": "280.jpg",
		"text": "Structured BPMN, incomplete structure, no start and end flags, two gateway, six activities"
	},
	{
		"image": "281.jpg",
		"text": "Structured BPMN, incomplete structure, no start and end flags, four gateway, nine activities"
	},
	{
		"image": "282.jpg",
		"text": "Structured BPMN, incomplete structure, no start and end flags, four gateway, fourteen activities"
	},
	{
		"image": "283.jpg",
		"text": "Structured BPMN, complete structure, have start and end flags, four gateway, ten activities"
	},
	{
		"image": "284.jpg",
		"text": "Structured BPMN, incomplete structure, no start and end flags, four gateway, seven activities"
	},
	{
		"image": "285.jpg",
		"text": "Structured BPMN, incomplete structure, no start and end flags, four gateway, eight activities"
	},
	{
		"image": "286.jpg",
		"text": "Structured BPMN, incomplete structure, no start and end flags, four gateway, nine activities"
	},
	{
		"image": "287.jpg",
		"text": "Structured BPMN, incomplete structure, no start and end flags, four gateway, eight activities"
	},
	{
		"image": "288.jpg",
		"text": "Structured BPMN, complete structure, have start and end flags, four gateway, nine activities"
	},
	{
		"image": "289.jpg",
		"text": "Structured BPMN, incomplete structure, no start and end flags, four gateway, nine activities"
	},
	{
		"image": "290.jpg",
		"text": "Structured BPMN, incomplete structure, no start and end flags, four gateway, seven activities"
	},
	{
		"image": "291.jpg",
		"text": "Structured BPMN, incomplete structure, no start and end flags, four gateway, eight activities"
	},
	{
		"image": "292.jpg",
		"text": "Structured BPMN, complete structure, have start and end flags, two gateway, six activities"
	},
	{
		"image": "293.jpg",
		"text": "Structured BPMN, incomplete structure, no start and end flags, four gateway, eight activities"
	},
	{
		"image": "294.jpg",
		"text": "Structured BPMN, complete structure, have start and end flags, four gateway, nine activities"
	},
	{
		"image": "295.jpg",
		"text": "Structured BPMN, incomplete structure, no start and end flags, four gateway, seven activities"
	},
	{
		"image": "296.jpg",
		"text": "Structured BPMN, incomplete structure, no start and end flags, four gateway, eight activities"
	},
	{
		"image": "297.jpg",
		"text": "Structured BPMN, incomplete structure, no start and end flags, four gateway, nine activities"
	},
	{
		"image": "298.jpg",
		"text": "Structured BPMN, complete structure, have start and end flags, four gateway, nine activities"
	},
	{
		"image": "299.jpg",
		"text": "Structured BPMN, incomplete structure, no start and end flags, four gateway, seven activities"
	},
	{
		"image": "300.jpg",
		"text": "Structured BPMN, incomplete structure, no start and end flags, four gateway, eight activities"
	},
	{
		"image": "301.jpg",
		"text": "Structured BPMN, incomplete structure, no start and end flags, four gateway, nine activities"
	},
	{
		"image": "302.jpg",
		"text": "Structured BPMN, incomplete structure, no start and end flags, four gateway, eight activities"
	},
	{
		"image": "303.jpg",
		"text": "Structured BPMN, incomplete structure, no start and end flags, two gateway, four activities"
	},
	{
		"image": "304.jpg",
		"text": "Structured BPMN, complete structure, have start and end flags, four gateway, nine activities"
	},
	{
		"image": "305.jpg",
		"text": "Structured BPMN, incomplete structure, no start and end flags, four gateway, seven activities"
	},
	{
		"image": "306.jpg",
		"text": "Structured BPMN, incomplete structure, no start and end flags, four gateway, eight activities"
	},
	{
		"image": "307.jpg",
		"text": "Structured BPMN, incomplete structure, no start and end flags, four gateway, nine activities"
	},
	{
		"image": "308.jpg",
		"text": "Structured BPMN, incomplete structure, no start and end flags, four gateway, eight activities"
	},
	{
		"image": "309.jpg",
		"text": "Structured BPMN, complete structure, have start and end flags, four gateway, nine activities"
	},
	{
		"image": "310.jpg",
		"text": "Structured BPMN, incomplete structure, no start and end flags, four gateway, seven activities"
	},
	{
		"image": "311.jpg",
		"text": "Structured BPMN, incomplete structure, no start and end flags, four gateway, eight activities"
	},
	{
		"image": "312.jpg",
		"text": "Structured BPMN, incomplete structure, no start and end flags, four gateway, nine activities"
	},
	{
		"image": "313.jpg",
		"text": "Structured BPMN, incomplete structure, no start and end flags, four gateway, eight activities"
	},
	{
		"image": "314.jpg",
		"text": "Structured BPMN, incomplete structure, no start and end flags, two gateway, four activities"
	},
	{
		"image": "315.jpg",
		"text": "Structured BPMN, complete structure, have start and end flags, four gateway, nine activities"
	},
	{
		"image": "316.jpg",
		"text": "Structured BPMN, incomplete structure, no start and end flags, four gateway, eleven activities"
	},
	{
		"image": "317.jpg",
		"text": "Structured BPMN, incomplete structure, no start and end flags, four gateway, nine activities"
	},
	{
		"image": "318.jpg",
		"text": "Structured BPMN, incomplete structure, no start and end flags, four gateway, ten activities"
	},
	{
		"image": "319.jpg",
		"text": "Structured BPMN, incomplete structure, no start and end flags, four gateway, ten activities"
	},
	{
		"image": "320.jpg",
		"text": "Structured BPMN, complete structure, have start and end flags, four gateway, eleven activities"
	},
	{
		"image": "321.jpg",
		"text": "Structured BPMN, incomplete structure, no start and end flags, four gateway, twelve activities"
	},
	{
		"image": "322.jpg",
		"text": "Structured BPMN, incomplete structure, no start and end flags, four gateway, ten activities"
	},
	{
		"image": "323.jpg",
		"text": "Structured BPMN, incomplete structure, no start and end flags, four gateway, eleven activities"
	},
	{
		"image": "324.jpg",
		"text": "Structured BPMN, incomplete structure, no start and end flags, four gateway, eleven activities"
	},
	{
		"image": "325.jpg",
		"text": "Structured BPMN, incomplete structure, no start and end flags, two gateway, four activities"
	},
	{
		"image": "326.jpg",
		"text": "Structured BPMN, complete structure, have start and end flags, four gateway, twelve activities"
	},
	{
		"image": "327.jpg",
		"text": "Structured BPMN, incomplete structure, no start and end flags, four gateway, eleven activities"
	},
	{
		"image": "328.jpg",
		"text": "Structured BPMN, incomplete structure, no start and end flags, four gateway, twelve activities"
	},
	{
		"image": "329.jpg",
		"text": "Structured BPMN, incomplete structure, no start and end flags, four gateway, thirteen activities"
	},
	{
		"image": "330.jpg",
		"text": "Structured BPMN, complete structure, have start and end flags, four gateway, thirteen activities"
	},
	{
		"image": "331.jpg",
		"text": "Structured BPMN, incomplete structure, no start and end flags, four gateway, fourteen activities"
	},
	{
		"image": "332.jpg",
		"text": "Structured BPMN, incomplete structure, no start and end flags, four gateway, twelve activities"
	},
	{
		"image": "333.jpg",
		"text": "Structured BPMN, incomplete structure, no start and end flags, four gateway, thirteen activities"
	},
	{
		"image": "334.jpg",
		"text": "Structured BPMN, incomplete structure, no start and end flags, four gateway, thirteen activities"
	},
	{
		"image": "335.jpg",
		"text": "Structured BPMN, complete structure, have start and end flags, four gateway, fourteen activities"
	},
	{
		"image": "336.jpg",
		"text": "Structured BPMN, incomplete structure, no start and end flags, two gateway, five activities"
	},
	{
		"image": "337.jpg",
		"text": "Structured BPMN, incomplete structure, no start and end flags, four gateway, thirteen activities"
	},
	{
		"image": "338.jpg",
		"text": "Structured BPMN, incomplete structure, no start and end flags, four gateway, fourteen activities"
	},
	{
		"image": "339.jpg",
		"text": "Structured BPMN, incomplete structure, no start and end flags, four gateway, fifteen activities"
	},
	{
		"image": "340.jpg",
		"text": "Structured BPMN, incomplete structure, no start and end flags, four gateway, fourteen activities"
	},
	{
		"image": "341.jpg",
		"text": "Structured BPMN, complete structure, have start and end flags, four gateway, fifteen activities"
	},
	{
		"image": "342.jpg",
		"text": "Structured BPMN, incomplete structure, no start and end flags, four gateway, fourteen activities"
	},
	{
		"image": "343.jpg",
		"text": "Structured BPMN, incomplete structure, no start and end flags, four gateway, fifteen activities"
	},
	{
		"image": "344.jpg",
		"text": "Structured BPMN, incomplete structure, no start and end flags, four gateway, sixteen activities"
	},
	{
		"image": "345.jpg",
		"text": "Structured BPMN, incomplete structure, no start and end flags, four gateway, fifteen activities"
	},
	{
		"image": "346.jpg",
		"text": "Structured BPMN, complete structure, have start and end flags, four gateway, sixteen activities"
	},
	{
		"image": "347.jpg",
		"text": "Structured BPMN, complete structure, have start and end flags, four gateway, five activities"
	},
	{
		"image": "348.jpg",
		"text": "Structured BPMN, incomplete structure, no start and end flags, four gateway, thirteen activities"
	},
	{
		"image": "349.jpg",
		"text": "Structured BPMN, incomplete structure, no start and end flags, four gateway, fourteen activities"
	},
	{
		"image": "350.jpg",
		"text": "Structured BPMN, incomplete structure, no start and end flags, four gateway, fifteen activities"
	},
	{
		"image": "351.jpg",
		"text": "Structured BPMN, incomplete structure, no start and end flags, four gateway, fourteen activities"
	},
	{
		"image": "352.jpg",
		"text": "Structured BPMN, complete structure, have start and end flags, four gateway, fifteen activities"
	},
	{
		"image": "353.jpg",
		"text": "Structured BPMN, incomplete structure, no start and end flags, four gateway, thirteen activities"
	},
	{
		"image": "354.jpg",
		"text": "Structured BPMN, incomplete structure, no start and end flags, four gateway, fourteen activities"
	},
	{
		"image": "355.jpg",
		"text": "Structured BPMN, incomplete structure, no start and end flags, four gateway, fifteen activities"
	},
	{
		"image": "356.jpg",
		"text": "Structured BPMN, incomplete structure, no start and end flags, four gateway, fourteen activities"
	},
	{
		"image": "357.jpg",
		"text": "Structured BPMN, complete structure, have start and end flags, four gateway, fifteen activities"
	},
	{
		"image": "358.jpg",
		"text": "Structured BPMN, incomplete structure, no start and end flags, four gateway, eight activities"
	},
	{
		"image": "359.jpg",
		"text": "Structured BPMN, incomplete structure, no start and end flags, four gateway, thirteen activities"
	},
	{
		"image": "360.jpg",
		"text": "Structured BPMN, incomplete structure, no start and end flags, four gateway, fourteen activities"
	},
	{
		"image": "361.jpg",
		"text": "Structured BPMN, incomplete structure, no start and end flags, four gateway, fifteen activities"
	},
	{
		"image": "362.jpg",
		"text": "Structured BPMN, incomplete structure, no start and end flags, four gateway, fourteen activities"
	},
	{
		"image": "363.jpg",
		"text": "Structured BPMN, incomplete structure, no start and end flags, four gateway, thirteen activities"
	},
	{
		"image": "364.jpg",
		"text": "Structured BPMN, incomplete structure, no start and end flags, four gateway, fourteen activities"
	},
	{
		"image": "365.jpg",
		"text": "Structured BPMN, incomplete structure, no start and end flags, four gateway, fifteen activities"
	},
	{
		"image": "366.jpg",
		"text": "Structured BPMN, incomplete structure, no start and end flags, four gateway, fourteen activities"
	},
	{
		"image": "367.jpg",
		"text": "Structured BPMN, complete structure, have start and end flags, four gateway, fifteen activities"
	},
	{
		"image": "368.jpg",
		"text": "Structured BPMN, incomplete structure, no start and end flags, four gateway, thirteen activities"
	},
	{
		"image": "369.jpg",
		"text": "Structured BPMN, incomplete structure, no start and end flags, four gateway, ten activities"
	},
	{
		"image": "370.jpg",
		"text": "Structured BPMN, incomplete structure, no start and end flags, four gateway, fourteen activities"
	},
	{
		"image": "371.jpg",
		"text": "Structured BPMN, incomplete structure, no start and end flags, four gateway, fourteen activities"
	},
	{
		"image": "372.jpg",
		"text": "Structured BPMN, complete structure, have start and end flags, four gateway, fifteen activities"
	},
	{
		"image": "373.jpg",
		"text": "Structured BPMN, incomplete structure, no start and end flags, four gateway, thirteen activities"
	},
	{
		"image": "374.jpg",
		"text": "Structured BPMN, incomplete structure, no start and end flags, four gateway, fourteen activities"
	},
	{
		"image": "375.jpg",
		"text": "Structured BPMN, incomplete structure, no start and end flags, four gateway, fifteen activities"
	},
	{
		"image": "376.jpg",
		"text": "Structured BPMN, incomplete structure, no start and end flags, four gateway, fourteen activities"
	},
	{
		"image": "377.jpg",
		"text": "Structured BPMN, complete structure, have start and end flags, four gateway, fifteen activities"
	},
	{
		"image": "378.jpg",
		"text": "Structured BPMN, incomplete structure, no start and end flags, four gateway, twelve activities"
	},
	{
		"image": "379.jpg",
		"text": "Structured BPMN, incomplete structure, no start and end flags, four gateway, thirteen activities"
	},
	{
		"image": "380.jpg",
		"text": "Structured BPMN, incomplete structure, no start and end flags, four gateway, thirteen activities"
	},
	{
		"image": "381.jpg",
		"text": "Structured BPMN, complete structure, have start and end flags, four gateway, fourteen activities"
	},
	{
		"image": "382.jpg",
		"text": "Structured BPMN, incomplete structure, no start and end flags, four gateway, thirteen activities"
	},
	{
		"image": "383.jpg",
		"text": "Structured BPMN, incomplete structure, no start and end flags, four gateway, thirteen activities"
	},
	{
		"image": "384.jpg",
		"text": "Structured BPMN, incomplete structure, no start and end flags, four gateway, fourteen activities"
	},
	{
		"image": "385.jpg",
		"text": "Structured BPMN, incomplete structure, no start and end flags, four gateway, thirteen activities"
	},
	{
		"image": "386.jpg",
		"text": "Structured BPMN, complete structure, have start and end flags, four gateway, fourteen activities"
	},
	{
		"image": "387.jpg",
		"text": "Structured BPMN, incomplete structure, no start and end flags, four gateway, twelve activities"
	},
	{
		"image": "388.jpg",
		"text": "Structured BPMN, incomplete structure, no start and end flags, four gateway, thirteen activities"
	},
	{
		"image": "389.jpg",
		"text": "Structured BPMN, incomplete structure, no start and end flags, four gateway, fourteen activities"
	},
	{
		"image": "390.jpg",
		"text": "Structured BPMN, incomplete structure, no start and end flags, four gateway, thirteen activities"
	},
	{
		"image": "391.jpg",
		"text": "Structured BPMN, complete structure, have start and end flags, four gateway, fourteen activities"
	},
	{
		"image": "392.jpg",
		"text": "Structured BPMN, incomplete structure, no start and end flags, four gateway, twelve activities"
	},
	{
		"image": "393.jpg",
		"text": "Structured BPMN, incomplete structure, no start and end flags, four gateway, fourteen activities"
	},
	{
		"image": "394.jpg",
		"text": "Structured BPMN, incomplete structure, no start and end flags, four gateway, thirteen activities"
	},
	{
		"image": "395.jpg",
		"text": "Structured BPMN, incomplete structure, no start and end flags, four gateway, fourteen activities"
	},
	{
		"image": "396.jpg",
		"text": "Structured BPMN, incomplete structure, no start and end flags, four gateway, thirteen activities"
	},
	{
		"image": "397.jpg",
		"text": "Structured BPMN, complete structure, have start and end flags, four gateway, fourteen activities"
	},
	{
		"image": "398.jpg",
		"text": "Structured BPMN, incomplete structure, no start and end flags, four gateway, thirteen activities"
	},
	{
		"image": "399.jpg",
		"text": "Structured BPMN, incomplete structure, no start and end flags, four gateway, fourteen activities"
	},
	{
		"image": "400.jpg",
		"text": "Structured BPMN, incomplete structure, no start and end flags, four gateway, twelve activities"
	},
	{
		"image": "401.jpg",
		"text": "Structured BPMN, incomplete structure, no start and end flags, four gateway, thirteen activities"
	},
	{
		"image": "402.jpg",
		"text": "Structured BPMN, incomplete structure, no start and end flags, four gateway, fourteen activities"
	},
	{
		"image": "403.jpg",
		"text": "Structured BPMN, complete structure, have start and end flags, four gateway, fourteen activities"
	},
	{
		"image": "404.jpg",
		"text": "Structured BPMN, incomplete structure, no start and end flags, four gateway, twelve activities"
	},
	{
		"image": "405.jpg",
		"text": "Structured BPMN, incomplete structure, no start and end flags, four gateway, twelve activities"
	},
	{
		"image": "406.jpg",
		"text": "Structured BPMN, incomplete structure, no start and end flags, six gateway, nine activities"
	},
	{
		"image": "407.jpg",
		"text": "Structured BPMN, incomplete structure, no start and end flags, six gateway, ten activities"
	},
	{
		"image": "408.jpg",
		"text": "Structured BPMN, incomplete structure, no start and end flags, six gateway, eleven activities"
	},
	{
		"image": "409.jpg",
		"text": "Structured BPMN, incomplete structure, no start and end flags, six gateway, twelve activities"
	},
	{
		"image": "410.jpg",
		"text": "Structured BPMN, incomplete structure, no start and end flags, six gateway, eleven activities"
	},
	{
		"image": "411.jpg",
		"text": "Structured BPMN, complete structure, have start and end flags, six gateway, twelve activities"
	},
	{
		"image": "412.jpg",
		"text": "Structured BPMN, complete structure, have start and end flags, six gateway, thirteen activities"
	},
	{
		"image": "413.jpg",
		"text": "Structured BPMN, incomplete structure, no start and end flags, six gateway, twelve activities"
	},
	{
		"image": "414.jpg",
		"text": "Structured BPMN, incomplete structure, no start and end flags, six gateway, thirteen activities"
	},
	{
		"image": "415.jpg",
		"text": "Structured BPMN, incomplete structure, no start and end flags, six gateway, twelve activities"
	},
	{
		"image": "416.jpg",
		"text": "Structured BPMN, complete structure, have start and end flags, six gateway, thirteen activities"
	},
	{
		"image": "417.jpg",
		"text": "Structured BPMN, incomplete structure, no start and end flags, six gateway, fourteen activities"
	},
	{
		"image": "418.jpg",
		"text": "Structured BPMN, incomplete structure, no start and end flags, six gateway, twelve activities"
	},
	{
		"image": "419.jpg",
		"text": "Structured BPMN, incomplete structure, no start and end flags, six gateway, eleven activities"
	},
	{
		"image": "420.jpg",
		"text": "Structured BPMN, incomplete structure, no start and end flags, six gateway, ten activities"
	},
	{
		"image": "421.jpg",
		"text": "Structured BPMN, incomplete structure, no start and end flags, six gateway, eleven activities"
	},
	{
		"image": "422.jpg",
		"text": "Structured BPMN, complete structure, have start and end flags, six gateway, twelve activities"
	},
	{
		"image": "423.jpg",
		"text": "Structured BPMN, incomplete structure, no start and end flags, six gateway, twelve activities"
	},
	{
		"image": "424.jpg",
		"text": "Structured BPMN, incomplete structure, no start and end flags, six gateway, eleven activities"
	},
	{
		"image": "425.jpg",
		"text": "Structured BPMN, incomplete structure, no start and end flags, six gateway, ten activities"
	},
	{
		"image": "426.jpg",
		"text": "Structured BPMN, incomplete structure, no start and end flags, six gateway, eleven activities"
	},
	{
		"image": "427.jpg",
		"text": "Structured BPMN, complete structure, have start and end flags, six gateway, twelve activities"
	},
	{
		"image": "428.jpg",
		"text": "Structured BPMN, incomplete structure, no start and end flags, six gateway, fourteen activities"
	},
	{
		"image": "429.jpg",
		"text": "Structured BPMN, incomplete structure, no start and end flags, six gateway, eleven activities"
	},
	{
		"image": "430.jpg",
		"text": "Structured BPMN, incomplete structure, no start and end flags, six gateway, ten activities"
	},
	{
		"image": "431.jpg",
		"text": "Structured BPMN, incomplete structure, no start and end flags, six gateway, nine activities"
	},
	{
		"image": "432.jpg",
		"text": "Structured BPMN, incomplete structure, no start and end flags, six gateway, ten activities"
	},
	{
		"image": "433.jpg",
		"text": "Structured BPMN, complete structure, have start and end flags, six gateway, eleven activities"
	},
	{
		"image": "434.jpg",
		"text": "Structured BPMN, incomplete structure, no start and end flags, six gateway, eleven activities"
	},
	{
		"image": "435.jpg",
		"text": "Structured BPMN, incomplete structure, no start and end flags, six gateway, ten activities"
	},
	{
		"image": "436.jpg",
		"text": "Structured BPMN, incomplete structure, no start and end flags, six gateway, nine activities"
	},
	{
		"image": "437.jpg",
		"text": "Structured BPMN, incomplete structure, no start and end flags, six gateway, ten activities"
	},
	{
		"image": "438.jpg",
		"text": "Structured BPMN, complete structure, have start and end flags, six gateway, eleven activities"
	},
	{
		"image": "439.jpg",
		"text": "Structured BPMN, complete structure, have start and end flags, six gateway, ten activities"
	},
	{
		"image": "440.jpg",
		"text": "Structured BPMN, incomplete structure, no start and end flags, six gateway, fourteen activities"
	},
	{
		"image": "441.jpg",
		"text": "Structured BPMN, complete structure, have start and end flags, six gateway, fourteen activities"
	},
	{
		"image": "442.jpg",
		"text": "Structured BPMN, complete structure, have start and end flags, six gateway, fifteen activities"
	},
	{
		"image": "443.jpg",
		"text": "Structured BPMN, incomplete structure, no start and end flags, six gateway, fifteen activities"
	},
	{
		"image": "444.jpg",
		"text": "Structured BPMN, incomplete structure, no start and end flags, six gateway, nine activities"
	},
	{
		"image": "445.jpg",
		"text": "Structured BPMN, incomplete structure, no start and end flags, six gateway, ten activities"
	},
	{
		"image": "446.jpg",
		"text": "Structured BPMN, incomplete structure, no start and end flags, six gateway, eleven activities"
	},
	{
		"image": "447.jpg",
		"text": "Structured BPMN, incomplete structure, no start and end flags, six gateway, ten activities"
	},
	{
		"image": "448.jpg",
		"text": "Structured BPMN, complete structure, have start and end flags, six gateway, eleven activities"
	},
	{
		"image": "449.jpg",
		"text": "Structured BPMN, incomplete structure, no start and end flags, six gateway, thirteen activities"
	}
]
}